locust1@gmail.com,TestMe5
locust2@gmail.com,Locust2
locust3@gmail.com,Locust3
locust4@gmail.com,Locust4
zsb0101@zeroshotbot.com,zsb0101
zsb0102@zeroshotbot.com,zsb0102
zsb0103@zeroshotbot.com,zsb0103
zsb0104@zeroshotbot.com,zsb0104
zsb0105@zeroshotbot.com,zsb0105
zsb0106@zeroshotbot.com,zsb0106
zsb0107@zeroshotbot.com,zsb0107
zsb0108@zeroshotbot.com,zsb0108
zsb0109@zeroshotbot.com,zsb0109
zsb0110@zeroshotbot.com,zsb0110
zsb0111@zeroshotbot.com,zsb0111
zsb0112@zeroshotbot.com,zsb0112
zsb0113@zeroshotbot.com,zsb0113
zsb0114@zeroshotbot.com,zsb0114
zsb0115@zeroshotbot.com,zsb0115
zsb0116@zeroshotbot.com,zsb0116
zsb0117@zeroshotbot.com,zsb0117
zsb0118@zeroshotbot.com,zsb0118
zsb0119@zeroshotbot.com,zsb0119
zsb0120@zeroshotbot.com,zsb0120
zsb0121@zeroshotbot.com,zsb0121
zsb0122@zeroshotbot.com,zsb0122
zsb0123@zeroshotbot.com,zsb0123
zsb0124@zeroshotbot.com,zsb0124
zsb0125@zeroshotbot.com,zsb0125
zsb0126@zeroshotbot.com,zsb0126
zsb0127@zeroshotbot.com,zsb0127
zsb0128@zeroshotbot.com,zsb0128
zsb0129@zeroshotbot.com,zsb0129
zsb0130@zeroshotbot.com,zsb0130
zsb0131@zeroshotbot.com,zsb0131
zsb0132@zeroshotbot.com,zsb0132
zsb0133@zeroshotbot.com,zsb0133
zsb0134@zeroshotbot.com,zsb0134
zsb0135@zeroshotbot.com,zsb0135
zsb0136@zeroshotbot.com,zsb0136
zsb0137@zeroshotbot.com,zsb0137
zsb0138@zeroshotbot.com,zsb0138
zsb0139@zeroshotbot.com,zsb0139
zsb0140@zeroshotbot.com,zsb0140
zsb0141@zeroshotbot.com,zsb0141
zsb0142@zeroshotbot.com,zsb0142
zsb0143@zeroshotbot.com,zsb0143
zsb0144@zeroshotbot.com,zsb0144
zsb0145@zeroshotbot.com,zsb0145
zsb0146@zeroshotbot.com,zsb0146
zsb0147@zeroshotbot.com,zsb0147
zsb0148@zeroshotbot.com,zsb0148
zsb0149@zeroshotbot.com,zsb0149
zsb0150@zeroshotbot.com,zsb0150
zsb0151@zeroshotbot.com,zsb0151
zsb0152@zeroshotbot.com,zsb0152
zsb0153@zeroshotbot.com,zsb0153
zsb0154@zeroshotbot.com,zsb0154
zsb0155@zeroshotbot.com,zsb0155
zsb0156@zeroshotbot.com,zsb0156
zsb0157@zeroshotbot.com,zsb0157
zsb0158@zeroshotbot.com,zsb0158
zsb0159@zeroshotbot.com,zsb0159
zsb0160@zeroshotbot.com,zsb0160
zsb0161@zeroshotbot.com,zsb0161
zsb0162@zeroshotbot.com,zsb0162
zsb0163@zeroshotbot.com,zsb0163
zsb0164@zeroshotbot.com,zsb0164
zsb0165@zeroshotbot.com,zsb0165
zsb0166@zeroshotbot.com,zsb0166
zsb0167@zeroshotbot.com,zsb0167
zsb0168@zeroshotbot.com,zsb0168
zsb0169@zeroshotbot.com,zsb0169
zsb0170@zeroshotbot.com,zsb0170
zsb0171@zeroshotbot.com,zsb0171
zsb0172@zeroshotbot.com,zsb0172
zsb0173@zeroshotbot.com,zsb0173
zsb0174@zeroshotbot.com,zsb0174
zsb0175@zeroshotbot.com,zsb0175
zsb0176@zeroshotbot.com,zsb0176
zsb0177@zeroshotbot.com,zsb0177
zsb0178@zeroshotbot.com,zsb0178
zsb0179@zeroshotbot.com,zsb0179
zsb0180@zeroshotbot.com,zsb0180
zsb0181@zeroshotbot.com,zsb0181
zsb0182@zeroshotbot.com,zsb0182
zsb0183@zeroshotbot.com,zsb0183
zsb0184@zeroshotbot.com,zsb0184
zsb0185@zeroshotbot.com,zsb0185
zsb0186@zeroshotbot.com,zsb0186
zsb0187@zeroshotbot.com,zsb0187
zsb0188@zeroshotbot.com,zsb0188
zsb0189@zeroshotbot.com,zsb0189
zsb0190@zeroshotbot.com,zsb0190
zsb0191@zeroshotbot.com,zsb0191
zsb0192@zeroshotbot.com,zsb0192
zsb0193@zeroshotbot.com,zsb0193
zsb0194@zeroshotbot.com,zsb0194
zsb0195@zeroshotbot.com,zsb0195
zsb0196@zeroshotbot.com,zsb0196
zsb0197@zeroshotbot.com,zsb0197
zsb0198@zeroshotbot.com,zsb0198
zsb0199@zeroshotbot.com,zsb0199
zsb0200@zeroshotbot.com,zsb0200
zsb0201@zeroshotbot.com,zsb0201
zsb0202@zeroshotbot.com,zsb0202
zsb0203@zeroshotbot.com,zsb0203
zsb0204@zeroshotbot.com,zsb0204
zsb0205@zeroshotbot.com,zsb0205
zsb0206@zeroshotbot.com,zsb0206
zsb0207@zeroshotbot.com,zsb0207
zsb0208@zeroshotbot.com,zsb0208
zsb0209@zeroshotbot.com,zsb0209
zsb0210@zeroshotbot.com,zsb0210
zsb0211@zeroshotbot.com,zsb0211
zsb0212@zeroshotbot.com,zsb0212
zsb0213@zeroshotbot.com,zsb0213
zsb0214@zeroshotbot.com,zsb0214
zsb0215@zeroshotbot.com,zsb0215
zsb0216@zeroshotbot.com,zsb0216
zsb0217@zeroshotbot.com,zsb0217
zsb0218@zeroshotbot.com,zsb0218
zsb0219@zeroshotbot.com,zsb0219
zsb0220@zeroshotbot.com,zsb0220
zsb0221@zeroshotbot.com,zsb0221
zsb0222@zeroshotbot.com,zsb0222
zsb0223@zeroshotbot.com,zsb0223
zsb0224@zeroshotbot.com,zsb0224
zsb0225@zeroshotbot.com,zsb0225
zsb0226@zeroshotbot.com,zsb0226
zsb0227@zeroshotbot.com,zsb0227
zsb0228@zeroshotbot.com,zsb0228
zsb0229@zeroshotbot.com,zsb0229
zsb0230@zeroshotbot.com,zsb0230
zsb0231@zeroshotbot.com,zsb0231
zsb0232@zeroshotbot.com,zsb0232
zsb0233@zeroshotbot.com,zsb0233
zsb0234@zeroshotbot.com,zsb0234
zsb0235@zeroshotbot.com,zsb0235
zsb0236@zeroshotbot.com,zsb0236
zsb0237@zeroshotbot.com,zsb0237
zsb0238@zeroshotbot.com,zsb0238
zsb0239@zeroshotbot.com,zsb0239
zsb0240@zeroshotbot.com,zsb0240
zsb0241@zeroshotbot.com,zsb0241
zsb0242@zeroshotbot.com,zsb0242
zsb0243@zeroshotbot.com,zsb0243
zsb0244@zeroshotbot.com,zsb0244
zsb0245@zeroshotbot.com,zsb0245
zsb0246@zeroshotbot.com,zsb0246
zsb0247@zeroshotbot.com,zsb0247
zsb0248@zeroshotbot.com,zsb0248
zsb0249@zeroshotbot.com,zsb0249
zsb0250@zeroshotbot.com,zsb0250
zsb0251@zeroshotbot.com,zsb0251
zsb0252@zeroshotbot.com,zsb0252
zsb0253@zeroshotbot.com,zsb0253
zsb0254@zeroshotbot.com,zsb0254
zsb0255@zeroshotbot.com,zsb0255
zsb0256@zeroshotbot.com,zsb0256
zsb0257@zeroshotbot.com,zsb0257
zsb0258@zeroshotbot.com,zsb0258
zsb0259@zeroshotbot.com,zsb0259
zsb0260@zeroshotbot.com,zsb0260
zsb0261@zeroshotbot.com,zsb0261
zsb0262@zeroshotbot.com,zsb0262
zsb0263@zeroshotbot.com,zsb0263
zsb0264@zeroshotbot.com,zsb0264
zsb0265@zeroshotbot.com,zsb0265
zsb0266@zeroshotbot.com,zsb0266
zsb0267@zeroshotbot.com,zsb0267
zsb0268@zeroshotbot.com,zsb0268
zsb0269@zeroshotbot.com,zsb0269
zsb0270@zeroshotbot.com,zsb0270
zsb0271@zeroshotbot.com,zsb0271
zsb0272@zeroshotbot.com,zsb0272
zsb0273@zeroshotbot.com,zsb0273
zsb0274@zeroshotbot.com,zsb0274
zsb0275@zeroshotbot.com,zsb0275
zsb0276@zeroshotbot.com,zsb0276
zsb0277@zeroshotbot.com,zsb0277
zsb0278@zeroshotbot.com,zsb0278
zsb0279@zeroshotbot.com,zsb0279
zsb0280@zeroshotbot.com,zsb0280
zsb0281@zeroshotbot.com,zsb0281
zsb0282@zeroshotbot.com,zsb0282
zsb0283@zeroshotbot.com,zsb0283
zsb0284@zeroshotbot.com,zsb0284
zsb0285@zeroshotbot.com,zsb0285
zsb0286@zeroshotbot.com,zsb0286
zsb0287@zeroshotbot.com,zsb0287
zsb0288@zeroshotbot.com,zsb0288
zsb0289@zeroshotbot.com,zsb0289
zsb0290@zeroshotbot.com,zsb0290
zsb0291@zeroshotbot.com,zsb0291
zsb0292@zeroshotbot.com,zsb0292
zsb0293@zeroshotbot.com,zsb0293
zsb0294@zeroshotbot.com,zsb0294
zsb0295@zeroshotbot.com,zsb0295
zsb0296@zeroshotbot.com,zsb0296
zsb0297@zeroshotbot.com,zsb0297
zsb0298@zeroshotbot.com,zsb0298
zsb0299@zeroshotbot.com,zsb0299
zsb0300@zeroshotbot.com,zsb0300
zsb0301@zeroshotbot.com,zsb0301
zsb0302@zeroshotbot.com,zsb0302
zsb0303@zeroshotbot.com,zsb0303
zsb0304@zeroshotbot.com,zsb0304
zsb0305@zeroshotbot.com,zsb0305
zsb0306@zeroshotbot.com,zsb0306
zsb0307@zeroshotbot.com,zsb0307
zsb0308@zeroshotbot.com,zsb0308
zsb0309@zeroshotbot.com,zsb0309
zsb0310@zeroshotbot.com,zsb0310
zsb0311@zeroshotbot.com,zsb0311
zsb0312@zeroshotbot.com,zsb0312
zsb0313@zeroshotbot.com,zsb0313
zsb0314@zeroshotbot.com,zsb0314
zsb0315@zeroshotbot.com,zsb0315
zsb0316@zeroshotbot.com,zsb0316
zsb0317@zeroshotbot.com,zsb0317
zsb0318@zeroshotbot.com,zsb0318
zsb0319@zeroshotbot.com,zsb0319
zsb0320@zeroshotbot.com,zsb0320
zsb0321@zeroshotbot.com,zsb0321
zsb0322@zeroshotbot.com,zsb0322
zsb0323@zeroshotbot.com,zsb0323
zsb0324@zeroshotbot.com,zsb0324
zsb0325@zeroshotbot.com,zsb0325
zsb0326@zeroshotbot.com,zsb0326
zsb0327@zeroshotbot.com,zsb0327
zsb0328@zeroshotbot.com,zsb0328
zsb0329@zeroshotbot.com,zsb0329
zsb0330@zeroshotbot.com,zsb0330
zsb0331@zeroshotbot.com,zsb0331
zsb0332@zeroshotbot.com,zsb0332
zsb0333@zeroshotbot.com,zsb0333
zsb0334@zeroshotbot.com,zsb0334
zsb0335@zeroshotbot.com,zsb0335
zsb0336@zeroshotbot.com,zsb0336
zsb0337@zeroshotbot.com,zsb0337
zsb0338@zeroshotbot.com,zsb0338
zsb0339@zeroshotbot.com,zsb0339
zsb0340@zeroshotbot.com,zsb0340
zsb0341@zeroshotbot.com,zsb0341
zsb0342@zeroshotbot.com,zsb0342
zsb0343@zeroshotbot.com,zsb0343
zsb0344@zeroshotbot.com,zsb0344
zsb0345@zeroshotbot.com,zsb0345
zsb0346@zeroshotbot.com,zsb0346
zsb0347@zeroshotbot.com,zsb0347
zsb0348@zeroshotbot.com,zsb0348
zsb0349@zeroshotbot.com,zsb0349
zsb0350@zeroshotbot.com,zsb0350
zsb0351@zeroshotbot.com,zsb0351
zsb0352@zeroshotbot.com,zsb0352
zsb0353@zeroshotbot.com,zsb0353
zsb0354@zeroshotbot.com,zsb0354
zsb0355@zeroshotbot.com,zsb0355
zsb0356@zeroshotbot.com,zsb0356
zsb0357@zeroshotbot.com,zsb0357
zsb0358@zeroshotbot.com,zsb0358
zsb0359@zeroshotbot.com,zsb0359
zsb0360@zeroshotbot.com,zsb0360
zsb0361@zeroshotbot.com,zsb0361
zsb0362@zeroshotbot.com,zsb0362
zsb0363@zeroshotbot.com,zsb0363
zsb0364@zeroshotbot.com,zsb0364
zsb0365@zeroshotbot.com,zsb0365
zsb0366@zeroshotbot.com,zsb0366
zsb0367@zeroshotbot.com,zsb0367
zsb0368@zeroshotbot.com,zsb0368
zsb0369@zeroshotbot.com,zsb0369
zsb0370@zeroshotbot.com,zsb0370
zsb0371@zeroshotbot.com,zsb0371
zsb0372@zeroshotbot.com,zsb0372
zsb0373@zeroshotbot.com,zsb0373
zsb0374@zeroshotbot.com,zsb0374
zsb0375@zeroshotbot.com,zsb0375
zsb0376@zeroshotbot.com,zsb0376
zsb0377@zeroshotbot.com,zsb0377
zsb0378@zeroshotbot.com,zsb0378
zsb0379@zeroshotbot.com,zsb0379
zsb0380@zeroshotbot.com,zsb0380
zsb0381@zeroshotbot.com,zsb0381
zsb0382@zeroshotbot.com,zsb0382
zsb0383@zeroshotbot.com,zsb0383
zsb0384@zeroshotbot.com,zsb0384
zsb0385@zeroshotbot.com,zsb0385
zsb0386@zeroshotbot.com,zsb0386
zsb0387@zeroshotbot.com,zsb0387
zsb0388@zeroshotbot.com,zsb0388
zsb0389@zeroshotbot.com,zsb0389
zsb0390@zeroshotbot.com,zsb0390
zsb0391@zeroshotbot.com,zsb0391
zsb0392@zeroshotbot.com,zsb0392
zsb0393@zeroshotbot.com,zsb0393
zsb0394@zeroshotbot.com,zsb0394
zsb0395@zeroshotbot.com,zsb0395
zsb0396@zeroshotbot.com,zsb0396
zsb0397@zeroshotbot.com,zsb0397
zsb0398@zeroshotbot.com,zsb0398
zsb0399@zeroshotbot.com,zsb0399
zsb0400@zeroshotbot.com,zsb0400
zsb0401@zeroshotbot.com,zsb0401
zsb0402@zeroshotbot.com,zsb0402
zsb0403@zeroshotbot.com,zsb0403
zsb0404@zeroshotbot.com,zsb0404
zsb0405@zeroshotbot.com,zsb0405
zsb0406@zeroshotbot.com,zsb0406
zsb0407@zeroshotbot.com,zsb0407
zsb0408@zeroshotbot.com,zsb0408
zsb0409@zeroshotbot.com,zsb0409
zsb0410@zeroshotbot.com,zsb0410
zsb0411@zeroshotbot.com,zsb0411
zsb0412@zeroshotbot.com,zsb0412
zsb0413@zeroshotbot.com,zsb0413
zsb0414@zeroshotbot.com,zsb0414
zsb0415@zeroshotbot.com,zsb0415
zsb0416@zeroshotbot.com,zsb0416
zsb0417@zeroshotbot.com,zsb0417
zsb0418@zeroshotbot.com,zsb0418
zsb0419@zeroshotbot.com,zsb0419
zsb0420@zeroshotbot.com,zsb0420
zsb0421@zeroshotbot.com,zsb0421
zsb0422@zeroshotbot.com,zsb0422
zsb0423@zeroshotbot.com,zsb0423
zsb0424@zeroshotbot.com,zsb0424
zsb0425@zeroshotbot.com,zsb0425
zsb0426@zeroshotbot.com,zsb0426
zsb0427@zeroshotbot.com,zsb0427
zsb0428@zeroshotbot.com,zsb0428
zsb0429@zeroshotbot.com,zsb0429
zsb0430@zeroshotbot.com,zsb0430
zsb0431@zeroshotbot.com,zsb0431
zsb0432@zeroshotbot.com,zsb0432
zsb0433@zeroshotbot.com,zsb0433
zsb0434@zeroshotbot.com,zsb0434
zsb0435@zeroshotbot.com,zsb0435
zsb0436@zeroshotbot.com,zsb0436
zsb0437@zeroshotbot.com,zsb0437
zsb0438@zeroshotbot.com,zsb0438
zsb0439@zeroshotbot.com,zsb0439
zsb0440@zeroshotbot.com,zsb0440
zsb0441@zeroshotbot.com,zsb0441
zsb0442@zeroshotbot.com,zsb0442
zsb0443@zeroshotbot.com,zsb0443
zsb0444@zeroshotbot.com,zsb0444
zsb0445@zeroshotbot.com,zsb0445
zsb0446@zeroshotbot.com,zsb0446
zsb0447@zeroshotbot.com,zsb0447
zsb0448@zeroshotbot.com,zsb0448
zsb0449@zeroshotbot.com,zsb0449
zsb0450@zeroshotbot.com,zsb0450
zsb0451@zeroshotbot.com,zsb0451
zsb0452@zeroshotbot.com,zsb0452
zsb0453@zeroshotbot.com,zsb0453
zsb0454@zeroshotbot.com,zsb0454
zsb0455@zeroshotbot.com,zsb0455
zsb0456@zeroshotbot.com,zsb0456
zsb0457@zeroshotbot.com,zsb0457
zsb0458@zeroshotbot.com,zsb0458
zsb0459@zeroshotbot.com,zsb0459
zsb0460@zeroshotbot.com,zsb0460
zsb0461@zeroshotbot.com,zsb0461
zsb0462@zeroshotbot.com,zsb0462
zsb0463@zeroshotbot.com,zsb0463
zsb0464@zeroshotbot.com,zsb0464
zsb0465@zeroshotbot.com,zsb0465
zsb0466@zeroshotbot.com,zsb0466
zsb0467@zeroshotbot.com,zsb0467
zsb0468@zeroshotbot.com,zsb0468
zsb0469@zeroshotbot.com,zsb0469
zsb0470@zeroshotbot.com,zsb0470
zsb0471@zeroshotbot.com,zsb0471
zsb0472@zeroshotbot.com,zsb0472
zsb0473@zeroshotbot.com,zsb0473
zsb0474@zeroshotbot.com,zsb0474
zsb0475@zeroshotbot.com,zsb0475
zsb0476@zeroshotbot.com,zsb0476
zsb0477@zeroshotbot.com,zsb0477
zsb0478@zeroshotbot.com,zsb0478
zsb0479@zeroshotbot.com,zsb0479
zsb0480@zeroshotbot.com,zsb0480
zsb0481@zeroshotbot.com,zsb0481
zsb0482@zeroshotbot.com,zsb0482
zsb0483@zeroshotbot.com,zsb0483
zsb0484@zeroshotbot.com,zsb0484
zsb0485@zeroshotbot.com,zsb0485
zsb0486@zeroshotbot.com,zsb0486
zsb0487@zeroshotbot.com,zsb0487
zsb0488@zeroshotbot.com,zsb0488
zsb0489@zeroshotbot.com,zsb0489
zsb0490@zeroshotbot.com,zsb0490
zsb0491@zeroshotbot.com,zsb0491
zsb0492@zeroshotbot.com,zsb0492
zsb0493@zeroshotbot.com,zsb0493
zsb0494@zeroshotbot.com,zsb0494
zsb0495@zeroshotbot.com,zsb0495
zsb0496@zeroshotbot.com,zsb0496
zsb0497@zeroshotbot.com,zsb0497
zsb0498@zeroshotbot.com,zsb0498
zsb0499@zeroshotbot.com,zsb0499
zsb0500@zeroshotbot.com,zsb0500
zsb0501@zeroshotbot.com,zsb0501
zsb0502@zeroshotbot.com,zsb0502
zsb0503@zeroshotbot.com,zsb0503
zsb0504@zeroshotbot.com,zsb0504
zsb0505@zeroshotbot.com,zsb0505
zsb0506@zeroshotbot.com,zsb0506
zsb0507@zeroshotbot.com,zsb0507
zsb0508@zeroshotbot.com,zsb0508
zsb0509@zeroshotbot.com,zsb0509
zsb0510@zeroshotbot.com,zsb0510
zsb0511@zeroshotbot.com,zsb0511
zsb0512@zeroshotbot.com,zsb0512
zsb0513@zeroshotbot.com,zsb0513
zsb0514@zeroshotbot.com,zsb0514
zsb0515@zeroshotbot.com,zsb0515
zsb0516@zeroshotbot.com,zsb0516
zsb0517@zeroshotbot.com,zsb0517
zsb0518@zeroshotbot.com,zsb0518
zsb0519@zeroshotbot.com,zsb0519
zsb0520@zeroshotbot.com,zsb0520
zsb0521@zeroshotbot.com,zsb0521
zsb0522@zeroshotbot.com,zsb0522
zsb0523@zeroshotbot.com,zsb0523
zsb0524@zeroshotbot.com,zsb0524
zsb0525@zeroshotbot.com,zsb0525
zsb0526@zeroshotbot.com,zsb0526
zsb0527@zeroshotbot.com,zsb0527
zsb0528@zeroshotbot.com,zsb0528
zsb0529@zeroshotbot.com,zsb0529
zsb0530@zeroshotbot.com,zsb0530
zsb0531@zeroshotbot.com,zsb0531
zsb0532@zeroshotbot.com,zsb0532
zsb0533@zeroshotbot.com,zsb0533
zsb0534@zeroshotbot.com,zsb0534
zsb0535@zeroshotbot.com,zsb0535
zsb0536@zeroshotbot.com,zsb0536
zsb0537@zeroshotbot.com,zsb0537
zsb0538@zeroshotbot.com,zsb0538
zsb0539@zeroshotbot.com,zsb0539
zsb0540@zeroshotbot.com,zsb0540
zsb0541@zeroshotbot.com,zsb0541
zsb0542@zeroshotbot.com,zsb0542
zsb0543@zeroshotbot.com,zsb0543
zsb0544@zeroshotbot.com,zsb0544
zsb0545@zeroshotbot.com,zsb0545
zsb0546@zeroshotbot.com,zsb0546
zsb0547@zeroshotbot.com,zsb0547
zsb0548@zeroshotbot.com,zsb0548
zsb0549@zeroshotbot.com,zsb0549
zsb0550@zeroshotbot.com,zsb0550
zsb0551@zeroshotbot.com,zsb0551
zsb0552@zeroshotbot.com,zsb0552
zsb0553@zeroshotbot.com,zsb0553
zsb0554@zeroshotbot.com,zsb0554
zsb0555@zeroshotbot.com,zsb0555
zsb0556@zeroshotbot.com,zsb0556
zsb0557@zeroshotbot.com,zsb0557
zsb0558@zeroshotbot.com,zsb0558
zsb0559@zeroshotbot.com,zsb0559
zsb0560@zeroshotbot.com,zsb0560
zsb0561@zeroshotbot.com,zsb0561
zsb0562@zeroshotbot.com,zsb0562
zsb0563@zeroshotbot.com,zsb0563
zsb0564@zeroshotbot.com,zsb0564
zsb0565@zeroshotbot.com,zsb0565
zsb0566@zeroshotbot.com,zsb0566
zsb0567@zeroshotbot.com,zsb0567
zsb0568@zeroshotbot.com,zsb0568
zsb0569@zeroshotbot.com,zsb0569
zsb0570@zeroshotbot.com,zsb0570
zsb0571@zeroshotbot.com,zsb0571
zsb0572@zeroshotbot.com,zsb0572
zsb0573@zeroshotbot.com,zsb0573
zsb0574@zeroshotbot.com,zsb0574
zsb0575@zeroshotbot.com,zsb0575
zsb0576@zeroshotbot.com,zsb0576
zsb0577@zeroshotbot.com,zsb0577
zsb0578@zeroshotbot.com,zsb0578
zsb0579@zeroshotbot.com,zsb0579
zsb0580@zeroshotbot.com,zsb0580
zsb0581@zeroshotbot.com,zsb0581
zsb0582@zeroshotbot.com,zsb0582
zsb0583@zeroshotbot.com,zsb0583
zsb0584@zeroshotbot.com,zsb0584
zsb0585@zeroshotbot.com,zsb0585
zsb0586@zeroshotbot.com,zsb0586
zsb0587@zeroshotbot.com,zsb0587
zsb0588@zeroshotbot.com,zsb0588
zsb0589@zeroshotbot.com,zsb0589
zsb0590@zeroshotbot.com,zsb0590
zsb0591@zeroshotbot.com,zsb0591
zsb0592@zeroshotbot.com,zsb0592
zsb0593@zeroshotbot.com,zsb0593
zsb0594@zeroshotbot.com,zsb0594
zsb0595@zeroshotbot.com,zsb0595
zsb0596@zeroshotbot.com,zsb0596
zsb0597@zeroshotbot.com,zsb0597
zsb0598@zeroshotbot.com,zsb0598
zsb0599@zeroshotbot.com,zsb0599
zsb0600@zeroshotbot.com,zsb0600
zsb0601@zeroshotbot.com,zsb0601
zsb0602@zeroshotbot.com,zsb0602
zsb0603@zeroshotbot.com,zsb0603
zsb0604@zeroshotbot.com,zsb0604
zsb0605@zeroshotbot.com,zsb0605
zsb0606@zeroshotbot.com,zsb0606
zsb0607@zeroshotbot.com,zsb0607
zsb0608@zeroshotbot.com,zsb0608
zsb0609@zeroshotbot.com,zsb0609
zsb0610@zeroshotbot.com,zsb0610
zsb0611@zeroshotbot.com,zsb0611
zsb0612@zeroshotbot.com,zsb0612
zsb0613@zeroshotbot.com,zsb0613
zsb0614@zeroshotbot.com,zsb0614
zsb0615@zeroshotbot.com,zsb0615
zsb0616@zeroshotbot.com,zsb0616
zsb0617@zeroshotbot.com,zsb0617
zsb0618@zeroshotbot.com,zsb0618
zsb0619@zeroshotbot.com,zsb0619
zsb0620@zeroshotbot.com,zsb0620
zsb0621@zeroshotbot.com,zsb0621
zsb0622@zeroshotbot.com,zsb0622
zsb0623@zeroshotbot.com,zsb0623
zsb0624@zeroshotbot.com,zsb0624
zsb0625@zeroshotbot.com,zsb0625
zsb0626@zeroshotbot.com,zsb0626
zsb0627@zeroshotbot.com,zsb0627
zsb0628@zeroshotbot.com,zsb0628
zsb0629@zeroshotbot.com,zsb0629
zsb0630@zeroshotbot.com,zsb0630
zsb0631@zeroshotbot.com,zsb0631
zsb0632@zeroshotbot.com,zsb0632
zsb0633@zeroshotbot.com,zsb0633
zsb0634@zeroshotbot.com,zsb0634
zsb0635@zeroshotbot.com,zsb0635
zsb0636@zeroshotbot.com,zsb0636
zsb0637@zeroshotbot.com,zsb0637
zsb0638@zeroshotbot.com,zsb0638
zsb0639@zeroshotbot.com,zsb0639
zsb0640@zeroshotbot.com,zsb0640
zsb0641@zeroshotbot.com,zsb0641
zsb0642@zeroshotbot.com,zsb0642
zsb0643@zeroshotbot.com,zsb0643
zsb0644@zeroshotbot.com,zsb0644
zsb0645@zeroshotbot.com,zsb0645
zsb0646@zeroshotbot.com,zsb0646
zsb0647@zeroshotbot.com,zsb0647
zsb0648@zeroshotbot.com,zsb0648
zsb0649@zeroshotbot.com,zsb0649
zsb0650@zeroshotbot.com,zsb0650
zsb0651@zeroshotbot.com,zsb0651
zsb0652@zeroshotbot.com,zsb0652
zsb0653@zeroshotbot.com,zsb0653
zsb0654@zeroshotbot.com,zsb0654
zsb0655@zeroshotbot.com,zsb0655
zsb0656@zeroshotbot.com,zsb0656
zsb0657@zeroshotbot.com,zsb0657
zsb0658@zeroshotbot.com,zsb0658
zsb0659@zeroshotbot.com,zsb0659
zsb0660@zeroshotbot.com,zsb0660
zsb0661@zeroshotbot.com,zsb0661
zsb0662@zeroshotbot.com,zsb0662
zsb0663@zeroshotbot.com,zsb0663
zsb0664@zeroshotbot.com,zsb0664
zsb0665@zeroshotbot.com,zsb0665
zsb0666@zeroshotbot.com,zsb0666
zsb0667@zeroshotbot.com,zsb0667
zsb0668@zeroshotbot.com,zsb0668
zsb0669@zeroshotbot.com,zsb0669
zsb0670@zeroshotbot.com,zsb0670
zsb0671@zeroshotbot.com,zsb0671
zsb0672@zeroshotbot.com,zsb0672
zsb0673@zeroshotbot.com,zsb0673
zsb0674@zeroshotbot.com,zsb0674
zsb0675@zeroshotbot.com,zsb0675
zsb0676@zeroshotbot.com,zsb0676
zsb0677@zeroshotbot.com,zsb0677
zsb0678@zeroshotbot.com,zsb0678
zsb0679@zeroshotbot.com,zsb0679
zsb0680@zeroshotbot.com,zsb0680
zsb0681@zeroshotbot.com,zsb0681
zsb0682@zeroshotbot.com,zsb0682
zsb0683@zeroshotbot.com,zsb0683
zsb0684@zeroshotbot.com,zsb0684
zsb0685@zeroshotbot.com,zsb0685
zsb0686@zeroshotbot.com,zsb0686
zsb0687@zeroshotbot.com,zsb0687
zsb0688@zeroshotbot.com,zsb0688
zsb0689@zeroshotbot.com,zsb0689
zsb0690@zeroshotbot.com,zsb0690
zsb0691@zeroshotbot.com,zsb0691
zsb0692@zeroshotbot.com,zsb0692
zsb0693@zeroshotbot.com,zsb0693
zsb0694@zeroshotbot.com,zsb0694
zsb0695@zeroshotbot.com,zsb0695
zsb0696@zeroshotbot.com,zsb0696
zsb0697@zeroshotbot.com,zsb0697
zsb0698@zeroshotbot.com,zsb0698
zsb0699@zeroshotbot.com,zsb0699
zsb0700@zeroshotbot.com,zsb0700
zsb0701@zeroshotbot.com,zsb0701
zsb0702@zeroshotbot.com,zsb0702
zsb0703@zeroshotbot.com,zsb0703
zsb0704@zeroshotbot.com,zsb0704
zsb0705@zeroshotbot.com,zsb0705
zsb0706@zeroshotbot.com,zsb0706
zsb0707@zeroshotbot.com,zsb0707
zsb0708@zeroshotbot.com,zsb0708
zsb0709@zeroshotbot.com,zsb0709
zsb0710@zeroshotbot.com,zsb0710
zsb0711@zeroshotbot.com,zsb0711
zsb0712@zeroshotbot.com,zsb0712
zsb0713@zeroshotbot.com,zsb0713
zsb0714@zeroshotbot.com,zsb0714
zsb0715@zeroshotbot.com,zsb0715
zsb0716@zeroshotbot.com,zsb0716
zsb0717@zeroshotbot.com,zsb0717
zsb0718@zeroshotbot.com,zsb0718
zsb0719@zeroshotbot.com,zsb0719
zsb0720@zeroshotbot.com,zsb0720
zsb0721@zeroshotbot.com,zsb0721
zsb0722@zeroshotbot.com,zsb0722
zsb0723@zeroshotbot.com,zsb0723
zsb0724@zeroshotbot.com,zsb0724
zsb0725@zeroshotbot.com,zsb0725
zsb0726@zeroshotbot.com,zsb0726
zsb0727@zeroshotbot.com,zsb0727
zsb0728@zeroshotbot.com,zsb0728
zsb0729@zeroshotbot.com,zsb0729
zsb0730@zeroshotbot.com,zsb0730
zsb0731@zeroshotbot.com,zsb0731
zsb0732@zeroshotbot.com,zsb0732
zsb0733@zeroshotbot.com,zsb0733
zsb0734@zeroshotbot.com,zsb0734
zsb0735@zeroshotbot.com,zsb0735
zsb0736@zeroshotbot.com,zsb0736
zsb0737@zeroshotbot.com,zsb0737
zsb0738@zeroshotbot.com,zsb0738
zsb0739@zeroshotbot.com,zsb0739
zsb0740@zeroshotbot.com,zsb0740
zsb0741@zeroshotbot.com,zsb0741
zsb0742@zeroshotbot.com,zsb0742
zsb0743@zeroshotbot.com,zsb0743
zsb0744@zeroshotbot.com,zsb0744
zsb0745@zeroshotbot.com,zsb0745
zsb0746@zeroshotbot.com,zsb0746
zsb0747@zeroshotbot.com,zsb0747
zsb0748@zeroshotbot.com,zsb0748
zsb0749@zeroshotbot.com,zsb0749
zsb0750@zeroshotbot.com,zsb0750
zsb0751@zeroshotbot.com,zsb0751
zsb0752@zeroshotbot.com,zsb0752
zsb0753@zeroshotbot.com,zsb0753
zsb0754@zeroshotbot.com,zsb0754
zsb0755@zeroshotbot.com,zsb0755
zsb0756@zeroshotbot.com,zsb0756
zsb0757@zeroshotbot.com,zsb0757
zsb0758@zeroshotbot.com,zsb0758
zsb0759@zeroshotbot.com,zsb0759
zsb0760@zeroshotbot.com,zsb0760
zsb0761@zeroshotbot.com,zsb0761
zsb0762@zeroshotbot.com,zsb0762
zsb0763@zeroshotbot.com,zsb0763
zsb0764@zeroshotbot.com,zsb0764
zsb0765@zeroshotbot.com,zsb0765
zsb0766@zeroshotbot.com,zsb0766
zsb0767@zeroshotbot.com,zsb0767
zsb0768@zeroshotbot.com,zsb0768
zsb0769@zeroshotbot.com,zsb0769
zsb0770@zeroshotbot.com,zsb0770
zsb0771@zeroshotbot.com,zsb0771
zsb0772@zeroshotbot.com,zsb0772
zsb0773@zeroshotbot.com,zsb0773
zsb0774@zeroshotbot.com,zsb0774
zsb0775@zeroshotbot.com,zsb0775
zsb0776@zeroshotbot.com,zsb0776
zsb0777@zeroshotbot.com,zsb0777
zsb0778@zeroshotbot.com,zsb0778
zsb0779@zeroshotbot.com,zsb0779
zsb0780@zeroshotbot.com,zsb0780
zsb0781@zeroshotbot.com,zsb0781
zsb0782@zeroshotbot.com,zsb0782
zsb0783@zeroshotbot.com,zsb0783
zsb0784@zeroshotbot.com,zsb0784
zsb0785@zeroshotbot.com,zsb0785
zsb0786@zeroshotbot.com,zsb0786
zsb0787@zeroshotbot.com,zsb0787
zsb0788@zeroshotbot.com,zsb0788
zsb0789@zeroshotbot.com,zsb0789
zsb0790@zeroshotbot.com,zsb0790
zsb0791@zeroshotbot.com,zsb0791
zsb0792@zeroshotbot.com,zsb0792
zsb0793@zeroshotbot.com,zsb0793
zsb0794@zeroshotbot.com,zsb0794
zsb0795@zeroshotbot.com,zsb0795
zsb0796@zeroshotbot.com,zsb0796
zsb0797@zeroshotbot.com,zsb0797
zsb0798@zeroshotbot.com,zsb0798
zsb0799@zeroshotbot.com,zsb0799
zsb0800@zeroshotbot.com,zsb0800
zsb0801@zeroshotbot.com,zsb0801
zsb0802@zeroshotbot.com,zsb0802
zsb0803@zeroshotbot.com,zsb0803
zsb0804@zeroshotbot.com,zsb0804
zsb0805@zeroshotbot.com,zsb0805
zsb0806@zeroshotbot.com,zsb0806
zsb0807@zeroshotbot.com,zsb0807
zsb0808@zeroshotbot.com,zsb0808
zsb0809@zeroshotbot.com,zsb0809
zsb0810@zeroshotbot.com,zsb0810
zsb0811@zeroshotbot.com,zsb0811
zsb0812@zeroshotbot.com,zsb0812
zsb0813@zeroshotbot.com,zsb0813
zsb0814@zeroshotbot.com,zsb0814
zsb0815@zeroshotbot.com,zsb0815
zsb0816@zeroshotbot.com,zsb0816
zsb0817@zeroshotbot.com,zsb0817
zsb0818@zeroshotbot.com,zsb0818
zsb0819@zeroshotbot.com,zsb0819
zsb0820@zeroshotbot.com,zsb0820
zsb0821@zeroshotbot.com,zsb0821
zsb0822@zeroshotbot.com,zsb0822
zsb0823@zeroshotbot.com,zsb0823
zsb0824@zeroshotbot.com,zsb0824
zsb0825@zeroshotbot.com,zsb0825
zsb0826@zeroshotbot.com,zsb0826
zsb0827@zeroshotbot.com,zsb0827
zsb0828@zeroshotbot.com,zsb0828
zsb0829@zeroshotbot.com,zsb0829
zsb0830@zeroshotbot.com,zsb0830
zsb0831@zeroshotbot.com,zsb0831
zsb0832@zeroshotbot.com,zsb0832
zsb0833@zeroshotbot.com,zsb0833
zsb0834@zeroshotbot.com,zsb0834
zsb0835@zeroshotbot.com,zsb0835
zsb0836@zeroshotbot.com,zsb0836
zsb0837@zeroshotbot.com,zsb0837
zsb0838@zeroshotbot.com,zsb0838
zsb0839@zeroshotbot.com,zsb0839
zsb0840@zeroshotbot.com,zsb0840
zsb0841@zeroshotbot.com,zsb0841
zsb0842@zeroshotbot.com,zsb0842
zsb0843@zeroshotbot.com,zsb0843
zsb0844@zeroshotbot.com,zsb0844
zsb0845@zeroshotbot.com,zsb0845
zsb0846@zeroshotbot.com,zsb0846
zsb0847@zeroshotbot.com,zsb0847
zsb0848@zeroshotbot.com,zsb0848
zsb0849@zeroshotbot.com,zsb0849
zsb0850@zeroshotbot.com,zsb0850
zsb0851@zeroshotbot.com,zsb0851
zsb0852@zeroshotbot.com,zsb0852
zsb0853@zeroshotbot.com,zsb0853
zsb0854@zeroshotbot.com,zsb0854
zsb0855@zeroshotbot.com,zsb0855
zsb0856@zeroshotbot.com,zsb0856
zsb0857@zeroshotbot.com,zsb0857
zsb0858@zeroshotbot.com,zsb0858
zsb0859@zeroshotbot.com,zsb0859
zsb0860@zeroshotbot.com,zsb0860
zsb0861@zeroshotbot.com,zsb0861
zsb0862@zeroshotbot.com,zsb0862
zsb0863@zeroshotbot.com,zsb0863
zsb0864@zeroshotbot.com,zsb0864
zsb0865@zeroshotbot.com,zsb0865
zsb0866@zeroshotbot.com,zsb0866
zsb0867@zeroshotbot.com,zsb0867
zsb0868@zeroshotbot.com,zsb0868
zsb0869@zeroshotbot.com,zsb0869
zsb0870@zeroshotbot.com,zsb0870
zsb0871@zeroshotbot.com,zsb0871
zsb0872@zeroshotbot.com,zsb0872
zsb0873@zeroshotbot.com,zsb0873
zsb0874@zeroshotbot.com,zsb0874
zsb0875@zeroshotbot.com,zsb0875
zsb0876@zeroshotbot.com,zsb0876
zsb0877@zeroshotbot.com,zsb0877
zsb0878@zeroshotbot.com,zsb0878
zsb0879@zeroshotbot.com,zsb0879
zsb0880@zeroshotbot.com,zsb0880
zsb0881@zeroshotbot.com,zsb0881
zsb0882@zeroshotbot.com,zsb0882
zsb0883@zeroshotbot.com,zsb0883
zsb0884@zeroshotbot.com,zsb0884
zsb0885@zeroshotbot.com,zsb0885
zsb0886@zeroshotbot.com,zsb0886
zsb0887@zeroshotbot.com,zsb0887
zsb0888@zeroshotbot.com,zsb0888
zsb0889@zeroshotbot.com,zsb0889
zsb0890@zeroshotbot.com,zsb0890
zsb0891@zeroshotbot.com,zsb0891
zsb0892@zeroshotbot.com,zsb0892
zsb0893@zeroshotbot.com,zsb0893
zsb0894@zeroshotbot.com,zsb0894
zsb0895@zeroshotbot.com,zsb0895
zsb0896@zeroshotbot.com,zsb0896
zsb0897@zeroshotbot.com,zsb0897
zsb0898@zeroshotbot.com,zsb0898
zsb0899@zeroshotbot.com,zsb0899
zsb0900@zeroshotbot.com,zsb0900
zsb0901@zeroshotbot.com,zsb0901
zsb0902@zeroshotbot.com,zsb0902
zsb0903@zeroshotbot.com,zsb0903
zsb0904@zeroshotbot.com,zsb0904
zsb0905@zeroshotbot.com,zsb0905
zsb0906@zeroshotbot.com,zsb0906
zsb0907@zeroshotbot.com,zsb0907
zsb0908@zeroshotbot.com,zsb0908
zsb0909@zeroshotbot.com,zsb0909
zsb0910@zeroshotbot.com,zsb0910
zsb0911@zeroshotbot.com,zsb0911
zsb0912@zeroshotbot.com,zsb0912
zsb0913@zeroshotbot.com,zsb0913
zsb0914@zeroshotbot.com,zsb0914
zsb0915@zeroshotbot.com,zsb0915
zsb0916@zeroshotbot.com,zsb0916
zsb0917@zeroshotbot.com,zsb0917
zsb0918@zeroshotbot.com,zsb0918
zsb0919@zeroshotbot.com,zsb0919
zsb0920@zeroshotbot.com,zsb0920
zsb0921@zeroshotbot.com,zsb0921
zsb0922@zeroshotbot.com,zsb0922
zsb0923@zeroshotbot.com,zsb0923
zsb0924@zeroshotbot.com,zsb0924
zsb0925@zeroshotbot.com,zsb0925
zsb0926@zeroshotbot.com,zsb0926
zsb0927@zeroshotbot.com,zsb0927
zsb0928@zeroshotbot.com,zsb0928
zsb0929@zeroshotbot.com,zsb0929
zsb0930@zeroshotbot.com,zsb0930
zsb0931@zeroshotbot.com,zsb0931
zsb0932@zeroshotbot.com,zsb0932
zsb0933@zeroshotbot.com,zsb0933
zsb0934@zeroshotbot.com,zsb0934
zsb0935@zeroshotbot.com,zsb0935
zsb0936@zeroshotbot.com,zsb0936
zsb0937@zeroshotbot.com,zsb0937
zsb0938@zeroshotbot.com,zsb0938
zsb0939@zeroshotbot.com,zsb0939
zsb0940@zeroshotbot.com,zsb0940
zsb0941@zeroshotbot.com,zsb0941
zsb0942@zeroshotbot.com,zsb0942
zsb0943@zeroshotbot.com,zsb0943
zsb0944@zeroshotbot.com,zsb0944
zsb0945@zeroshotbot.com,zsb0945
zsb0946@zeroshotbot.com,zsb0946
zsb0947@zeroshotbot.com,zsb0947
zsb0948@zeroshotbot.com,zsb0948
zsb0949@zeroshotbot.com,zsb0949
zsb0950@zeroshotbot.com,zsb0950
zsb0951@zeroshotbot.com,zsb0951
zsb0952@zeroshotbot.com,zsb0952
zsb0953@zeroshotbot.com,zsb0953
zsb0954@zeroshotbot.com,zsb0954
zsb0955@zeroshotbot.com,zsb0955
zsb0956@zeroshotbot.com,zsb0956
zsb0957@zeroshotbot.com,zsb0957
zsb0958@zeroshotbot.com,zsb0958
zsb0959@zeroshotbot.com,zsb0959
zsb0960@zeroshotbot.com,zsb0960
zsb0961@zeroshotbot.com,zsb0961
zsb0962@zeroshotbot.com,zsb0962
zsb0963@zeroshotbot.com,zsb0963
zsb0964@zeroshotbot.com,zsb0964
zsb0965@zeroshotbot.com,zsb0965
zsb0966@zeroshotbot.com,zsb0966
zsb0967@zeroshotbot.com,zsb0967
zsb0968@zeroshotbot.com,zsb0968
zsb0969@zeroshotbot.com,zsb0969
zsb0970@zeroshotbot.com,zsb0970
zsb0971@zeroshotbot.com,zsb0971
zsb0972@zeroshotbot.com,zsb0972
zsb0973@zeroshotbot.com,zsb0973
zsb0974@zeroshotbot.com,zsb0974
zsb0975@zeroshotbot.com,zsb0975
zsb0976@zeroshotbot.com,zsb0976
zsb0977@zeroshotbot.com,zsb0977
zsb0978@zeroshotbot.com,zsb0978
zsb0979@zeroshotbot.com,zsb0979
zsb0980@zeroshotbot.com,zsb0980
zsb0981@zeroshotbot.com,zsb0981
zsb0982@zeroshotbot.com,zsb0982
zsb0983@zeroshotbot.com,zsb0983
zsb0984@zeroshotbot.com,zsb0984
zsb0985@zeroshotbot.com,zsb0985
zsb0986@zeroshotbot.com,zsb0986
zsb0987@zeroshotbot.com,zsb0987
zsb0988@zeroshotbot.com,zsb0988
zsb0989@zeroshotbot.com,zsb0989
zsb0990@zeroshotbot.com,zsb0990
zsb0991@zeroshotbot.com,zsb0991
zsb0992@zeroshotbot.com,zsb0992
zsb0993@zeroshotbot.com,zsb0993
zsb0994@zeroshotbot.com,zsb0994
zsb0995@zeroshotbot.com,zsb0995
zsb0996@zeroshotbot.com,zsb0996
zsb0997@zeroshotbot.com,zsb0997
zsb0998@zeroshotbot.com,zsb0998
zsb0999@zeroshotbot.com,zsb0999
zsb1000@zeroshotbot.com,zsb1000